entry_date,entry_price,position,stop_loss,profit_target,trailing_stop,exit_date,exit_price,pnl,exit_reason
2004-07-16,406.1,LONG,402.4475,424.36250000000007,402.4475,2004-07-20,402.4475,-0.8994090125584908,Stop Loss
2004-08-13,398.1,LONG,394.95000000000005,413.85,394.95000000000005,2004-08-24,408.705,2.6639035418236525,Stop Loss
2004-08-31,409.3,LONG,405.475,428.425,405.475,2004-09-03,405.475,-0.934522355240652,Stop Loss
2004-09-17,405.0,LONG,402.2625,418.6875,402.2625,2004-09-22,406.6,0.39506172839506737,Stop Loss
2004-09-23,410.1,LONG,407.34000000000003,423.90000000000003,407.34000000000003,2004-09-24,407.34000000000003,-0.6730065837600563,Stop Loss
2004-09-28,411.6,LONG,408.795,425.62500000000006,408.795,2004-10-12,419.075,1.8160835762876495,Stop Loss
2004-10-15,418.3,LONG,415.2625,433.4875,415.2625,2004-10-27,424.8825,1.5736313650490035,Stop Loss
2004-10-29,428.1,LONG,424.9875,443.6625,424.9875,2004-11-02,424.9875,-0.7270497547302058,Stop Loss
2004-11-04,429.1,LONG,425.26,448.30000000000007,425.26,2004-11-24,448.30000000000007,4.4744814728501625,Profit Target
2004-12-01,453.8,LONG,450.95750000000004,468.0125,450.95750000000004,2004-12-02,450.95750000000004,-0.626377258704269,Stop Loss
2004-12-08,439.7,SHORT,444.3425,416.4875,444.3425,2004-12-13,438.60499999999996,0.2490334318853826,Stop Loss
2004-12-22,439.2,SHORT,442.155,424.42499999999995,442.155,2004-12-27,442.155,-0.6728142076502696,Stop Loss
2004-12-29,435.8,SHORT,438.425,422.675,438.425,2005-01-06,422.675,3.0117026158788436,Profit Target
2005-01-14,422.6,SHORT,425.65250000000003,407.33750000000003,425.65250000000003,2005-01-21,424.0775,-0.3496213913866454,Stop Loss
2005-01-25,421.6,SHORT,424.09000000000003,409.15000000000003,424.09000000000003,2005-01-26,424.09000000000003,-0.590607210626188,Stop Loss
2005-01-31,422.1,SHORT,425.13,406.95000000000005,425.13,2005-02-10,414.9175,1.7016109926557696,Stop Loss
2005-03-04,433.8,LONG,431.0475,447.5625,431.0475,2005-03-14,441.42,1.756569847856156,Stop Loss
2005-04-01,425.1,SHORT,427.29,414.15000000000003,427.29,2005-04-06,425.3325,-0.054693013408600104,Stop Loss
2005-04-14,423.8,SHORT,426.1025,412.2875,426.1025,2005-04-18,426.1025,-0.5432987258140654,Stop Loss
2005-04-19,433.1,LONG,430.32500000000005,446.975,430.32500000000005,2005-04-27,433.55,0.10390210113137581,Stop Loss
2005-04-29,434.0,LONG,431.5625,446.1875,431.5625,2005-05-02,431.5625,-0.5616359447004609,Stop Loss
2005-05-06,425.3,SHORT,428.285,410.375,428.285,2005-05-18,420.15500000000003,1.2097343051963279,Stop Loss
2005-06-10,426.6,LONG,423.855,440.32500000000005,423.855,2005-06-23,440.32500000000005,3.2172995780590767,Profit Target
2005-07-01,426.8,SHORT,429.7475,412.0625,429.7475,2005-07-12,425.33000000000004,0.344423617619487,Stop Loss
2005-07-13,423.6,SHORT,425.76000000000005,412.8,425.76000000000005,2005-07-20,421.645,0.4615203021718699,Stop Loss
2005-07-26,422.8,SHORT,424.59250000000003,413.8375,424.59250000000003,2005-07-27,424.59250000000003,-0.42395931882687277,Stop Loss
2005-07-28,427.6,LONG,425.605,437.57500000000005,425.605,2005-08-08,434.675,1.6545837231057035,Stop Loss
2005-08-24,437.0,SHORT,440.0525,421.7375,440.0525,2005-08-31,433.85499999999996,0.7196796338672857,Stop Loss
2005-09-01,442.8,LONG,439.725,458.175,439.725,2005-09-13,446.125,0.7509033423667544,Stop Loss
2005-09-15,455.3,LONG,452.495,469.325,452.495,2005-09-21,469.325,3.080386558313195,Profit Target
2005-09-28,468.7,LONG,463.47249999999997,494.8375,463.47249999999997,2005-10-03,466.40250000000003,-0.4901856197994361,Stop Loss
2005-10-06,473.3,LONG,469.3025,493.2875,469.3025,2005-10-12,471.805,-0.31586731459962064,Stop Loss
2005-10-17,473.6,LONG,469.46750000000003,494.2625,469.46750000000003,2005-10-19,469.46750000000003,-0.872571790540539,Stop Loss
2005-11-04,456.3,SHORT,460.15500000000003,437.02500000000003,460.15500000000003,2005-11-08,460.15500000000003,-0.8448389217620027,Stop Loss
2005-12-20,492.1,SHORT,499.48,455.20000000000005,499.48,2005-12-22,499.48,-1.4996951839057093,Stop Loss
2006-01-06,539.2,LONG,533.1175000000001,569.6125000000001,533.1175000000001,2006-01-18,549.5675,1.9227559347180914,Stop Loss
2006-01-25,562.7,LONG,555.3875,599.2625,555.3875,2006-02-07,566.72,0.7144126532788309,Stop Loss
2006-02-13,540.0,SHORT,547.9725,500.13750000000005,547.9725,2006-02-16,547.9725,-1.476388888888883,Stop Loss
2006-02-24,558.5,LONG,552.3125,589.4375,552.3125,2006-03-06,564.2575,1.030886302596249,Stop Loss
2006-03-24,559.6,LONG,554.9350000000001,582.925,554.9350000000001,2006-03-30,582.925,4.168155825589694,Profit Target
2006-04-03,587.7,LONG,580.455,623.9250000000001,580.455,2006-04-07,588.8275,0.1918495831206297,Stop Loss
2006-04-17,613.5,LONG,607.005,645.975,607.005,2006-04-20,631.4325,2.9229828850855752,Stop Loss
2006-04-26,638.7,LONG,626.5575,699.4125000000001,626.5575,2006-05-09,699.4125000000001,9.505636449037121,Profit Target
2006-05-19,657.2,SHORT,672.7325000000001,579.5375,672.7325000000001,2006-06-13,579.5375,11.817178940961657,Profit Target
2006-06-29,598.7,LONG,589.4300000000001,645.05,589.4300000000001,2006-07-10,625.2,4.426256889928178,Stop Loss
2006-07-11,640.2,LONG,632.6625,677.8875,632.6625,2006-07-17,655.775,2.43283348953451,Stop Loss
2006-07-21,619.2,SHORT,632.19,554.2500000000001,632.19,2006-07-27,628.1625,-1.4474321705426318,Stop Loss
2006-08-01,647.5,LONG,638.26,693.7,638.26,2006-08-08,642.7175000000001,-0.7386100386100253,Stop Loss
2006-08-09,650.5,LONG,643.2475000000001,686.7624999999999,643.2475000000001,2006-08-10,643.2475000000001,-1.1149116064565627,Stop Loss
2006-08-17,613.2,SHORT,621.4425,571.9875000000001,621.4425,2006-08-21,621.4425,-1.3441780821917726,Stop Loss
2006-08-24,620.7,SHORT,627.24,588.0,627.24,2006-08-31,620.0225,0.10915095859513597,Stop Loss
2006-10-13,589.6,LONG,582.235,626.425,582.235,2006-10-17,589.945,0.058514246947087394,Stop Loss
2006-10-19,599.7,LONG,593.5575,630.4125,593.5575,2006-10-20,593.5575,-1.0242621310655395,Stop Loss
2006-10-26,596.0,LONG,589.01,630.95,589.01,2006-11-08,620.2475,4.068372483221467,Stop Loss
2006-11-09,634.7,LONG,627.4625000000001,670.8875,627.4625000000001,2006-11-13,627.4625000000001,-1.1403025051205222,Stop Loss
2006-11-21,627.7,LONG,622.0825,655.7875000000001,622.0825,2006-12-05,641.515,2.2008921459295743,Stop Loss
2006-12-15,614.7,SHORT,620.3775,586.3125,620.3775,2006-12-19,619.8225000000001,-0.8333333333333428,Stop Loss
2006-12-28,633.7,LONG,629.725,653.575,629.725,2007-01-03,636.63,0.46236389458733623,Stop Loss
2007-01-31,652.7,LONG,647.0450000000001,680.975,647.0450000000001,2007-02-02,651.225,-0.2259843726061012,Stop Loss
2007-02-08,659.2,LONG,653.11,689.6500000000001,653.11,2007-02-20,664.9100000000001,0.866201456310685,Stop Loss
2007-02-21,678.2,LONG,671.7650000000001,710.375,671.7650000000001,2007-02-27,679.365,0.17177823650839924,Stop Loss
2007-03-02,642.0,SHORT,652.5225,589.3874999999999,652.5225,2007-03-06,645.3025,-0.514408099688475,Stop Loss
2007-03-27,664.2,LONG,659.985,685.275,659.985,2007-04-16,685.275,3.1729900632339554,Profit Target
2007-04-26,674.4,SHORT,679.7774999999999,647.5125,679.7774999999999,2007-04-27,679.7774999999999,-0.797375444839849,Stop Loss
2007-05-02,672.3,SHORT,677.4749999999999,646.4250000000001,677.4749999999999,2007-05-03,677.4749999999999,-0.7697456492637148,Stop Loss
2007-05-16,661.6,SHORT,667.405,632.575,667.405,2007-05-31,657.07,0.6847037484885086,Stop Loss
2007-06-01,671.2,LONG,666.94,692.5,666.94,2007-06-07,666.94,-0.6346841477949927,Stop Loss
2007-06-20,654.6,SHORT,659.1675,631.7625000000002,659.1675,2007-06-28,644.64,1.5215398716773658,Stop Loss
2007-07-05,649.3,SHORT,653.665,627.475,653.665,2007-07-06,653.665,-0.672262436470046,Stop Loss
2007-07-09,660.2,LONG,655.5350000000001,683.525,655.5350000000001,2007-07-25,678.3875,2.7548470160557406,Stop Loss
2007-08-03,672.5,LONG,667.1,699.5,667.1,2007-08-09,670.265,-0.33234200743494624,Stop Loss
2007-08-15,667.0,SHORT,672.415,639.9250000000001,672.415,2007-08-22,659.0075,1.1982758620689582,Stop Loss
2007-08-29,666.6,LONG,662.4300000000001,687.45,662.4300000000001,2007-09-06,687.45,3.127812781278131,Profit Target
2007-09-20,734.1,LONG,726.9825000000001,769.6875,726.9825000000001,2007-10-02,740.335,0.849339327067159,Stop Loss
2007-10-05,742.2,LONG,734.2425000000001,781.9875000000001,734.2425000000001,2007-10-08,734.2425000000001,-1.0721503637833443,Stop Loss
2007-10-10,740.7,LONG,732.5550000000001,781.4250000000002,732.5550000000001,2007-10-22,760.0775,2.616106385851214,Stop Loss
2007-10-25,768.7,LONG,760.9300000000001,807.5500000000002,760.9300000000001,2007-10-30,784.045,1.9962273969038522,Stop Loss
2007-10-31,796.1,LONG,787.9025,837.0875000000001,787.9025,2007-11-12,822.1225,3.2687476447682355,Stop Loss
2007-11-15,787.6,SHORT,801.505,718.075,801.505,2007-11-20,794.115,-0.8271965464702877,Stop Loss
2007-11-23,823.3,LONG,811.4275,882.6624999999999,811.4275,2007-11-28,811.4275,-1.4420624316773893,Stop Loss
2007-11-30,782.7,SHORT,793.1550000000001,730.4250000000001,793.1550000000001,2007-12-03,793.1550000000001,-1.3357608279034163,Stop Loss
2007-12-10,808.2,LONG,797.625,861.075,797.625,2007-12-11,797.625,-1.3084632516703842,Stop Loss
2007-12-21,811.2,LONG,802.2225000000001,856.0875,802.2225000000001,2007-12-31,831.7125,2.5286612426035417,Stop Loss
2008-01-22,891.0,LONG,877.11,960.45,877.11,2008-02-01,915.0699999999999,2.701459034792361,Stop Loss
2008-02-07,911.1,LONG,899.25,970.35,899.25,2008-02-12,911.165,0.007134233344302588,Stop Loss
2008-02-19,927.0,LONG,917.58,974.1,917.58,2008-03-03,974.1,5.080906148867316,Profit Target
2008-03-05,988.8,LONG,975.9449999999999,1053.075,975.9449999999999,2008-03-06,975.9449999999999,-1.3000606796116523,Stop Loss
2008-03-13,993.6,LONG,979.6725,1063.2375,979.6725,2008-03-18,990.945,-0.2672101449275335,Stop Loss
2008-03-28,931.2,SHORT,947.4150000000001,850.125,947.4150000000001,2008-04-02,897.97,3.568513745704469,Stop Loss
2008-04-15,927.5,LONG,916.5425,982.2875,916.5425,2008-04-18,932.9525,0.5878706199460901,Stop Loss
2008-04-23,903.7,SHORT,916.36,840.4,916.36,2008-05-05,864.695,4.316144738298107,Stop Loss
2008-05-13,866.1,SHORT,876.2925,815.1375,876.2925,2008-05-15,874.475,-0.9669784089597044,Stop Loss
2008-06-05,877.9,SHORT,889.7574999999999,818.6125000000001,889.7574999999999,2008-06-06,889.7574999999999,-1.3506663629114888,Stop Loss
2008-06-10,866.7,SHORT,878.3100000000001,808.6500000000001,878.3100000000001,2008-06-11,878.3100000000001,-1.3395638629283504,Stop Loss
2008-06-12,868.8,SHORT,880.8599999999999,808.5,880.8599999999999,2008-06-16,880.8599999999999,-1.3881215469613197,Stop Loss
2008-06-18,893.7,LONG,880.815,958.1250000000001,880.815,2008-06-23,889.39,-0.4822647420834798,Stop Loss
2008-06-26,916.5,LONG,904.7775,975.1125,904.7775,2008-07-07,932.2149999999999,1.7146753955264504,Stop Loss
2008-07-10,946.6,LONG,936.2425000000001,998.3874999999999,936.2425000000001,2008-07-16,965.8325,2.031745193323469,Stop Loss
2008-07-29,917.3,SHORT,928.67,860.4499999999999,928.67,2008-08-08,860.4499999999999,6.197536247683422,Profit Target
2008-08-15,787.1,SHORT,803.2625,706.2875,803.2625,2008-08-19,803.2625,-2.0534239613772103,Stop Loss
2008-09-26,877.8,LONG,847.905,1027.275,847.905,2008-09-30,878.355,0.06322624743678101,Stop Loss
2008-10-07,888.0,LONG,862.02,1017.9,862.02,2008-10-10,888.2425000000001,0.02730855855856573,Stop Loss
2008-10-16,805.5,SHORT,834.3675,661.1625,834.3675,2008-10-28,747.285,7.227188081936689,Stop Loss
2008-10-31,723.7,SHORT,748.855,597.925,748.855,2008-11-04,744.875,-2.9259361613928356,Stop Loss
2008-11-12,710.6,SHORT,727.655,625.325,727.655,2008-11-13,727.655,-2.400084435688144,Stop Loss
2008-11-21,800.0,LONG,782.135,889.3249999999999,782.135,2008-12-01,802.415,0.30187499999999545,Stop Loss
2008-12-05,755.7,SHORT,769.995,684.2250000000001,769.995,2008-12-08,769.995,-1.8916236601826069,Stop Loss
2008-12-10,809.3,LONG,792.5,893.3,792.5,2008-12-19,850.7774999999999,5.125108118126772,Stop Loss
2009-01-02,874.6,LONG,864.025,927.475,864.025,2009-01-05,864.025,-1.2091241710496279,Stop Loss
2009-01-20,855.8,LONG,840.7249999999999,931.175,840.7249999999999,2009-02-02,910.3675000000001,6.376197709745281,Stop Loss
2009-02-05,914.1,LONG,900.3000000000001,983.1,900.3000000000001,2009-02-09,900.3000000000001,-1.5096816540859812,Stop Loss
2009-02-17,968.7,LONG,955.7925,1033.2375,955.7925,2009-02-24,978.1125000000001,0.9716630535769611,Stop Loss
2009-03-10,895.6,SHORT,912.6175000000001,810.5125,912.6175000000001,2009-03-12,912.6175000000001,-1.900122822688705,Stop Loss
2009-03-17,915.1,SHORT,927.385,853.675,927.385,2009-03-18,927.385,-1.3424762321057773,Stop Loss
2009-03-30,915.1,SHORT,928.825,846.475,928.825,2009-04-13,881.5075,3.670910283029174,Stop Loss
2009-04-16,875.15,SHORT,883.64825,832.65875,883.64825,2009-04-20,876.467,-0.1504884876878258,Stop Loss
2009-04-23,903.45,LONG,893.65425,952.42875,893.65425,2009-04-28,902.8565,-0.06569262272400937,Stop Loss
2009-04-30,886.2,SHORT,895.7325000000001,838.5375000000001,895.7325000000001,2009-05-04,895.077,-1.001692620176027,Stop Loss
2009-05-12,922.35,LONG,913.221,967.9950000000001,913.221,2009-05-18,923.632,0.13899279015557275,Stop Loss
2009-05-20,937.38,LONG,929.3835,977.3625,929.3835,2009-05-27,950.2555000000001,1.3735624826644586,Stop Loss
2009-05-28,957.89,LONG,948.2645,1006.0174999999999,948.2645,2009-06-03,973.67125,1.6475012788524777,Stop Loss
2009-06-22,922.1,SHORT,930.78725,878.66375,930.78725,2009-06-24,930.78725,-0.9421158225788904,Stop Loss
2009-06-30,926.35,SHORT,934.525,885.475,934.525,2009-07-01,934.525,-0.8824958169158477,Stop Loss
2009-07-08,909.0,SHORT,917.367,867.165,917.367,2009-07-13,917.367,-0.9204620462046162,Stop Loss
2009-07-27,953.1,LONG,947.0572500000001,983.3137499999999,947.0572500000001,2009-07-28,947.0572500000001,-0.6340100723953368,Stop Loss
2009-07-31,953.5,LONG,945.409,993.9549999999999,945.409,2009-08-07,958.45475,0.5196381751442045,Stop Loss
2009-08-13,954.5,LONG,946.8485,992.7575,946.8485,2009-08-17,946.8485,-0.8016238868517607,Stop Loss
2009-08-28,954.42,LONG,946.71825,992.9287499999999,946.71825,2009-09-04,992.9287499999999,4.034780285408936,Profit Target
2009-09-16,1017.2,LONG,1008.4535000000001,1060.9325000000001,1008.4535000000001,2009-09-18,1008.4535000000001,-0.8598604011010585,Stop Loss
2009-09-22,1014.4,LONG,1005.55675,1058.61625,1005.55675,2009-09-24,1005.55675,-0.8717714905362788,Stop Loss
2009-09-30,1007.3,LONG,998.20025,1052.79875,998.20025,2009-10-08,1052.79875,4.516901618187231,Profit Target
2009-11-06,1094.72,LONG,1084.01825,1148.22875,1084.01825,2009-11-12,1106.5359999999998,1.07936275942705,Stop Loss
2009-11-16,1139.75,LONG,1130.051,1188.2450000000001,1130.051,2009-11-25,1188.2450000000001,4.254880456240414,Profit Target
2009-12-01,1195.3,LONG,1180.78,1267.8999999999999,1180.78,2009-12-04,1200.32125,0.42008282439555,Stop Loss
2009-12-11,1115.05,SHORT,1134.571,1017.4449999999999,1134.571,2009-12-16,1134.571,-1.7506838258374027,Stop Loss
2009-12-17,1097.29,SHORT,1113.8485,1014.4975,1113.8485,2009-12-24,1098.4825,-0.10867683110208871,Stop Loss
2009-12-30,1093.91,SHORT,1104.41075,1041.40625,1104.41075,2010-01-04,1104.41075,-0.959928147653822,Stop Loss
2010-01-11,1149.55,LONG,1138.5594999999998,1204.5025,1138.5594999999998,2010-01-12,1138.5594999999998,-0.956069766430352,Stop Loss
2010-01-20,1111.75,SHORT,1124.04175,1050.29125,1124.04175,2010-02-01,1093.0225,1.6845064088149282,Stop Loss
2010-02-04,1064.35,SHORT,1078.8197499999999,992.0012499999999,1078.8197499999999,2010-02-09,1077.06375,-1.1945083853995508,Stop Loss
2010-02-15,1100.58,LONG,1087.0529999999999,1168.215,1087.0529999999999,2010-02-17,1107.53475,0.6319168075015087,Stop Loss
2010-02-26,1117.3,LONG,1104.4645,1181.4775,1104.4645,2010-03-08,1128.8977499999999,1.0380157522599038,Stop Loss
2010-03-19,1106.64,SHORT,1116.843,1055.6250000000002,1116.843,2010-03-26,1096.23625,0.9401205450733908,Stop Loss
2010-03-31,1112.89,LONG,1104.12325,1156.72375,1104.12325,2010-04-09,1156.72375,3.9387315907232523,Profit Target
2010-04-21,1146.4,LONG,1137.47575,1191.0212500000002,1137.47575,2010-05-04,1173.13975,2.3324973831123477,Stop Loss
2010-05-06,1208.05,LONG,1196.3072499999998,1266.76375,1196.3072499999998,2010-05-17,1224.2040000000002,1.3371963080998488,Stop Loss
2010-06-07,1240.05,LONG,1229.46075,1292.99625,1229.46075,2010-06-10,1229.46075,-0.8539373412362399,Stop Loss
2010-06-24,1243.1,LONG,1231.32125,1301.9937499999999,1231.32125,2010-06-28,1243.69,0.047461990185837466,Stop Loss
2010-07-01,1198.4,SHORT,1211.4417500000002,1133.19125,1211.4417500000002,2010-07-09,1204.978,-0.5488985313751648,Stop Loss
2010-07-16,1192.68,SHORT,1203.843,1136.865,1203.843,2010-07-22,1193.6665,-0.08271288191300082,Stop Loss
2010-07-26,1183.3,SHORT,1193.941,1130.0949999999998,1193.941,2010-07-30,1173.12975,0.8594819572382234,Stop Loss
2010-08-12,1213.63,LONG,1204.894,1257.3100000000002,1204.894,2010-09-09,1248.6770000000001,2.887782932195152,Stop Loss
2010-09-14,1267.94,LONG,1259.6022500000001,1309.62875,1259.6022500000001,2010-10-01,1309.62875,3.2879118885751715,Profit Target
2010-10-21,1325.39,SHORT,1339.535,1254.6650000000002,1339.535,2010-10-25,1339.535,-1.0672330408408077,Stop Loss
2010-10-27,1324.72,SHORT,1338.712,1254.7600000000002,1338.712,2010-10-28,1338.712,-1.0562232018841688,Stop Loss
2010-11-04,1391.2,LONG,1376.38,1465.3,1376.38,2010-11-09,1393.8600000000001,0.19120184013801622,Stop Loss
2010-11-30,1386.4,LONG,1374.97375,1443.5312500000002,1374.97375,2010-12-07,1411.206,1.7892383150605748,Stop Loss
2010-12-14,1395.4,LONG,1381.35625,1465.61875,1381.35625,2010-12-15,1381.35625,-1.0064318474989282,Stop Loss
2010-12-16,1370.95,SHORT,1384.84825,1301.45875,1384.84825,2010-12-20,1384.84825,-1.0137678252306765,Stop Loss
2010-12-23,1379.65,SHORT,1389.2777500000002,1331.51125,1389.2777500000002,2010-12-28,1389.2777500000002,-0.6978400318921542,Stop Loss
2011-01-07,1368.78,SHORT,1380.2775,1311.2925,1380.2775,2011-01-11,1380.2775,-0.8399815894446109,Stop Loss
2011-01-13,1373.27,SHORT,1385.4575,1312.3325,1385.4575,2011-01-26,1342.0345,2.2745345052320376,Stop Loss
2011-01-27,1313.45,SHORT,1325.585,1252.775,1325.585,2011-01-28,1325.585,-0.9239026989988192,Stop Loss
2011-02-08,1363.52,LONG,1351.10525,1425.59375,1351.10525,2011-03-01,1425.59375,4.5524634768833625,Profit Target
2011-03-07,1431.71,LONG,1420.7255,1486.6325000000002,1420.7255,2011-03-10,1420.7255,-0.7672293970147603,Stop Loss
2011-03-15,1399.83,SHORT,1412.2769999999998,1337.595,1412.2769999999998,2011-03-18,1411.5610000000001,-0.8380303322546467,Stop Loss
2011-03-30,1422.6,LONG,1412.6564999999998,1472.3175,1412.6564999999998,2011-04-08,1472.3175,3.494833403627176,Profit Target
2011-04-14,1473.75,LONG,1463.20125,1526.4937499999999,1463.20125,2011-04-27,1526.4937499999999,3.5788804071246725,Profit Target
2011-05-17,1485.2,SHORT,1503.76775,1392.3612500000002,1503.76775,2011-05-20,1503.76775,-1.2501851602477736,Stop Loss
2011-06-06,1544.6,LONG,1534.94825,1592.85875,1534.94825,2011-06-10,1534.94825,-0.6248705166386115,Stop Loss
2011-06-17,1539.38,LONG,1529.05175,1591.0212500000002,1529.05175,2011-06-23,1539.3107499999999,-0.004498564357094303,Stop Loss
2011-07-01,1487.25,SHORT,1499.046,1428.27,1499.046,2011-07-05,1499.046,-0.7931417044881526,Stop Loss
2011-07-22,1600.85,LONG,1581.43925,1697.90375,1581.43925,2011-08-04,1647.337,2.903894805884379,Stop Loss
2011-08-16,1784.41,LONG,1754.857,1932.1750000000002,1754.857,2011-08-23,1870.1025,4.802287590856355,Stop Loss
2011-09-02,1881.92,LONG,1847.17175,2055.66125,1847.17175,2011-09-07,1870.44825,-0.6095769214419399,Stop Loss
2011-09-15,1788.28,SHORT,1823.45125,1612.42375,1823.45125,2011-09-28,1612.42375,9.83382076632295,Profit Target
2011-10-04,1621.57,SHORT,1666.73275,1395.7562500000001,1666.73275,2011-10-10,1666.12825,-2.747846223104772,Stop Loss
2011-10-18,1657.98,SHORT,1678.76925,1554.0337499999998,1678.76925,2011-10-21,1641.4085,0.9994993908249806,Stop Loss
2011-11-03,1763.07,LONG,1739.13075,1882.76625,1739.13075,2011-11-09,1773.5855,0.5964312250789802,Stop Loss
2011-11-21,1677.18,SHORT,1700.1255,1562.4524999999999,1700.1255,2011-11-28,1700.1255,-1.368100025042037,Stop Loss
2011-11-30,1746.03,LONG,1725.45975,1848.8812500000001,1725.45975,2011-12-05,1729.1332499999999,-0.9677239222693831,Stop Loss
2011-12-27,1593.01,SHORT,1608.007,1518.025,1608.007,2011-12-30,1561.6325000000002,1.9696988719468067,Stop Loss
2012-01-10,1632.45,LONG,1614.0367500000002,1724.5162499999997,1614.0367500000002,2012-01-27,1724.5162499999997,5.639759257557636,Profit Target
2012-02-15,1727.95,LONG,1712.75125,1803.94375,1712.75125,2012-02-27,1767.1795,2.2702913857461104,Stop Loss
2012-02-28,1784.05,LONG,1771.711,1845.745,1771.711,2012-02-29,1771.711,-0.691628597853196,Stop Loss
2012-03-06,1674.24,SHORT,1694.5875,1572.5025,1694.5875,2012-03-08,1694.5875,-1.2153275516055095,Stop Loss
2012-03-13,1673.67,SHORT,1691.5755000000001,1584.1425000000002,1691.5755000000001,2012-03-19,1663.57925,0.6029115656013473,Stop Loss
2012-03-22,1645.54,SHORT,1662.84175,1559.03125,1662.84175,2012-03-26,1662.84175,-1.0514329642549,Stop Loss
2012-03-28,1663.18,SHORT,1677.6625000000001,1590.7675,1677.6625000000001,2012-04-02,1675.92975,-0.7665887035678609,Stop Loss
2012-04-03,1645.11,SHORT,1660.3155,1569.0824999999998,1660.3155,2012-04-09,1636.60025,0.5172754405480449,Stop Loss
2012-04-12,1675.47,LONG,1660.698,1749.33,1660.698,2012-04-13,1660.698,-0.8816630557395797,Stop Loss
2012-04-23,1637.77,SHORT,1650.10375,1576.10125,1650.10375,2012-04-26,1650.10375,-0.7530819345817795,Stop Loss
2012-05-08,1604.99,SHORT,1617.1775,1544.0525,1617.1775,2012-05-15,1544.0525,3.796752627742229,Profit Target
2012-05-22,1568.14,SHORT,1584.39325,1486.8737500000002,1584.39325,2012-06-01,1570.4412499999999,-0.14675029015264926,Stop Loss
2012-06-06,1618.74,LONG,1600.40925,1710.39375,1600.40925,2012-06-07,1600.40925,-1.1324085399755415,Stop Loss
2012-06-12,1609.3,LONG,1588.0285,1715.6574999999998,1588.0285,2012-06-20,1611.0585,0.10927111166346487,Stop Loss
2012-07-03,1617.13,LONG,1601.46775,1695.4412500000003,1601.46775,2012-07-06,1601.46775,-0.9685213928379341,Stop Loss
2012-07-10,1566.21,SHORT,1582.95225,1482.4987500000002,1582.95225,2012-07-13,1582.95225,-1.0689658474917163,Stop Loss
2012-07-18,1573.18,SHORT,1587.19225,1503.11875,1587.19225,2012-07-25,1587.19225,-0.8906959152798787,Stop Loss
2012-08-06,1610.38,LONG,1598.3132500000002,1670.7137500000001,1598.3132500000002,2012-08-14,1608.50675,-0.11632347644655909,Stop Loss
2012-08-16,1614.74,LONG,1604.813,1664.375,1604.813,2012-08-23,1664.375,3.0738694774390916,Profit Target
2012-08-31,1690.8,LONG,1678.617,1751.715,1678.617,2012-09-13,1751.715,3.6027324343506013,Profit Target
2012-09-21,1773.03,LONG,1758.6622499999999,1844.86875,1758.6622499999999,2012-09-26,1758.6622499999999,-0.8103500786788783,Stop Loss
2012-09-27,1777.05,LONG,1764.3652499999998,1840.47375,1764.3652499999998,2012-10-08,1777.931,0.04957654539827723,Stop Loss
2012-10-12,1754.19,SHORT,1764.28725,1703.7037500000001,1764.28725,2012-10-17,1749.0697499999999,0.2918868537615748,Stop Loss
2012-10-19,1721.75,SHORT,1732.3129999999999,1668.9350000000002,1732.3129999999999,2012-10-31,1712.9675,0.5100914766952245,Stop Loss
2012-11-02,1677.42,SHORT,1688.3512500000002,1622.76375,1688.3512500000002,2012-11-06,1688.3512500000002,-0.6516704224344583,Stop Loss
2012-11-19,1731.63,LONG,1721.6940000000002,1781.3100000000002,1721.6940000000002,2012-11-28,1741.4782500000001,0.5687271530292272,Stop Loss
2012-12-04,1697.38,SHORT,1708.8437500000002,1640.06125,1708.8437500000002,2012-12-10,1704.8895,-0.44241713699936897,Stop Loss
2012-12-13,1697.22,SHORT,1708.6035,1640.3025,1708.6035,2012-12-26,1659.25575,2.2368490826174563,Stop Loss
2013-01-04,1655.75,SHORT,1667.843,1595.285,1667.843,2013-01-10,1660.558,-0.29038200211384524,Stop Loss
2013-01-15,1679.12,LONG,1666.2635,1743.4024999999997,1666.2635,2013-01-24,1682.23025,0.1852309543094108,Stop Loss
2013-02-11,1647.84,SHORT,1658.87175,1592.6812499999999,1658.87175,2013-02-20,1592.6812499999999,3.347336513253717,Profit Target
2013-02-28,1579.99,SHORT,1596.67975,1496.5412500000002,1596.67975,2013-03-12,1588.255,-0.5231045766112506,Stop Loss
2013-03-18,1605.01,LONG,1595.8645,1650.7375,1595.8645,2013-03-25,1605.2995,0.01803727079582614,Stop Loss
2013-04-02,1575.96,SHORT,1585.0725,1530.3975,1585.0725,2013-04-05,1564.5495,0.7240348739815703,Stop Loss
2013-04-10,1557.91,SHORT,1571.82025,1488.35875,1571.82025,2013-04-12,1488.35875,4.46439460559339,Profit Target
2013-05-03,1470.45,LONG,1452.9285,1558.0575,1452.9285,2013-05-07,1452.9285,-1.191574007956752,Stop Loss
2013-05-10,1447.39,SHORT,1464.98575,1359.41125,1464.98575,2013-05-17,1359.41125,6.078441194149468,Profit Target
2013-05-28,1380.98,SHORT,1403.5595,1268.0825,1403.5595,2013-05-30,1403.5595,-1.6350345406885003,Stop Loss
2013-06-06,1413.53,LONG,1397.48075,1493.77625,1397.48075,2013-06-07,1397.48075,-1.1354021492292368,Stop Loss
2013-06-18,1367.92,SHORT,1380.6145000000001,1304.4475,1380.6145000000001,2013-06-20,1304.4475,4.640073980934564,Profit Target
2013-07-05,1222.92,SHORT,1245.7035,1109.0024999999998,1245.7035,2013-07-09,1245.7035,-1.8630409184574628,Stop Loss
2013-07-16,1291.93,LONG,1275.6002500000002,1373.57875,1275.6002500000002,2013-07-17,1275.6002500000002,-1.2639810206435236,Stop Loss
2013-07-22,1335.54,LONG,1320.0555,1412.9624999999999,1320.0555,2013-07-24,1328.58275,-0.520931608188443,Stop Loss
2013-08-15,1365.61,LONG,1349.5959999999998,1445.68,1349.5959999999998,2013-08-30,1403.3120000000001,2.7608175101236974,Stop Loss
2013-09-03,1412.69,LONG,1398.4227500000002,1484.02625,1398.4227500000002,2013-09-04,1398.4227500000002,-1.009934946803607,Stop Loss
2013-09-05,1367.94,SHORT,1383.42675,1290.5062500000001,1383.42675,2013-09-06,1383.42675,-1.1321220228957432,Stop Loss
2013-09-10,1363.67,SHORT,1380.25325,1280.75375,1380.25325,2013-09-18,1326.44125,2.7300409923221887,Stop Loss
2013-09-23,1322.32,SHORT,1343.06125,1218.6137499999998,1343.06125,2013-10-02,1306.5442500000001,1.1930357250892212,Stop Loss
2013-10-09,1304.64,SHORT,1320.15525,1227.06375,1320.15525,2013-10-17,1283.6337500000002,1.6101185001226321,Stop Loss
2013-10-28,1352.85,LONG,1343.697,1398.6149999999998,1343.697,2013-10-31,1343.697,-0.6765716820046583,Stop Loss
2013-11-18,1273.64,SHORT,1286.1537500000002,1211.07125,1286.1537500000002,2013-11-29,1249.318,1.9096447975880244,Stop Loss
2013-12-02,1219.77,SHORT,1230.75825,1164.82875,1230.75825,2013-12-04,1230.75825,-0.9008460611426832,Stop Loss
2013-12-10,1260.87,LONG,1245.2955,1338.7424999999998,1245.2955,2013-12-12,1245.2955,-1.2352185395798096,Stop Loss
2013-12-18,1217.81,SHORT,1231.6924999999999,1148.3975,1231.6924999999999,2013-12-26,1205.1935,1.035999047470448,Stop Loss
2013-12-30,1196.29,SHORT,1207.921,1138.1349999999998,1207.921,2014-01-02,1207.921,-0.9722558911300843,Stop Loss
2014-01-10,1247.78,LONG,1234.526,1314.05,1234.526,2014-01-21,1245.7655,-0.16144672939139898,Stop Loss
2014-01-23,1264.43,LONG,1255.0145,1311.5075,1255.0145,2014-01-27,1259.653,-0.37779869190070176,Stop Loss
2014-02-05,1258.01,LONG,1245.2735,1321.6925,1245.2735,2014-02-17,1321.6925,5.0621616680312655,Profit Target
2014-02-21,1324.09,LONG,1314.6145,1371.4674999999997,1314.6145,2014-02-28,1330.66,0.4961898360383482,Stop Loss
2014-03-03,1350.44,LONG,1339.8500000000001,1403.39,1339.8500000000001,2014-03-04,1339.8500000000001,-0.7841888569651312,Stop Loss
2014-03-06,1351.02,LONG,1340.23425,1404.94875,1340.23425,2014-03-07,1340.23425,-0.7983412532753037,Stop Loss
2014-03-12,1363.65,LONG,1351.3432500000001,1425.1837500000001,1351.3432500000001,2014-03-17,1371.2345,0.5561911047556143,Stop Loss
2014-03-24,1308.58,SHORT,1321.15975,1245.6812499999999,1321.15975,2014-04-02,1288.81725,1.5102439285332094,Stop Loss
2014-04-14,1327.06,LONG,1318.66075,1369.0562499999999,1318.66075,2014-04-15,1318.66075,-0.6329216463460536,Stop Loss
2014-04-21,1289.8,SHORT,1300.23775,1237.61125,1300.23775,2014-04-25,1293.72075,-0.30398123740114735,Stop Loss
2014-04-29,1295.76,SHORT,1305.57375,1246.6912499999999,1305.57375,2014-05-02,1293.618,0.16530839044267864,Stop Loss
2014-05-14,1305.9,LONG,1296.3502500000002,1353.64875,1296.3502500000002,2014-05-15,1296.3502500000002,-0.7312772800367487,Stop Loss
2014-05-16,1293.28,SHORT,1302.89425,1245.2087499999998,1302.89425,2014-06-02,1245.2087499999998,3.717002505257964,Profit Target
2014-06-24,1317.81,LONG,1307.9969999999998,1366.875,1307.9969999999998,2014-07-14,1330.76125,0.9827858340732027,Stop Loss
2014-07-22,1307.14,SHORT,1318.23025,1251.6887500000003,1318.23025,2014-07-25,1303.26275,0.29662086693085693,Stop Loss
2014-07-30,1295.9,SHORT,1304.0615,1255.0925000000002,1304.0615,2014-08-01,1291.5632500000002,0.33465159348714696,Stop Loss
2014-08-20,1291.44,SHORT,1298.1870000000001,1257.7050000000002,1298.1870000000001,2014-08-28,1283.8622500000001,0.5867674843585395,Stop Loss
2014-09-02,1265.19,SHORT,1272.08625,1230.7087500000002,1272.08625,2014-09-12,1230.7087500000002,2.725381168045892,Profit Target
2014-09-30,1207.83,SHORT,1216.9357499999999,1162.3012499999998,1216.9357499999999,2014-10-06,1201.16075,0.5521679375408725,Stop Loss
2014-10-13,1235.46,LONG,1225.51125,1285.20375,1225.51125,2014-10-23,1240.66175,0.4210375082965007,Stop Loss
2014-10-27,1224.77,SHORT,1231.166,1192.79,1231.166,2014-10-31,1192.79,2.611102492712919,Profit Target
2014-11-21,1201.13,LONG,1187.8857500000001,1267.3512500000002,1187.8857500000001,2014-11-28,1187.8857500000001,-1.1026491720296692,Stop Loss
2014-12-01,1210.8,LONG,1196.32125,1283.19375,1196.32125,2014-12-05,1196.32125,-1.1958002973240824,Stop Loss
2014-12-09,1230.62,LONG,1212.57575,1320.84125,1212.57575,2014-12-15,1215.0817499999998,-1.2626359071037414,Stop Loss
2014-12-22,1175.5,SHORT,1189.42225,1105.88875,1189.42225,2014-12-26,1187.53125,-1.0235006380263718,Stop Loss
2015-01-05,1204.32,LONG,1191.30225,1269.4087499999998,1191.30225,2015-01-16,1269.4087499999998,5.404605918692697,Profit Target
2015-02-03,1259.87,SHORT,1274.174,1188.35,1274.174,2015-02-16,1229.96,2.3740544659369505,Stop Loss
2015-02-17,1209.18,SHORT,1220.85675,1150.7962500000003,1220.85675,2015-02-27,1210.118,-0.0775732314460936,Stop Loss
2015-03-03,1203.4,SHORT,1213.4417500000002,1153.19125,1213.4417500000002,2015-03-17,1153.19125,4.172241150074789,Profit Target
2015-04-01,1204.14,LONG,1194.3772500000002,1252.95375,1194.3772500000002,2015-04-08,1204.3055000000002,0.013744249007595915,Stop Loss
2015-04-14,1192.3,SHORT,1200.499,1151.305,1200.499,2015-04-15,1200.499,-0.6876625010483997,Stop Loss
2015-04-22,1186.88,SHORT,1195.85975,1141.98125,1195.85975,2015-04-27,1188.50475,-0.13689252493933243,Stop Loss
2015-04-30,1183.97,SHORT,1195.43525,1126.64375,1195.43525,2015-05-05,1190.1825000000001,-0.524717687103566,Stop Loss
2015-05-07,1184.22,SHORT,1193.781,1136.415,1193.781,2015-05-12,1192.948,-0.7370252149093973,Stop Loss
2015-05-18,1225.35,LONG,1216.0259999999998,1271.9699999999998,1216.0259999999998,2015-05-19,1216.0259999999998,-0.760925449871471,Stop Loss
2015-06-03,1184.81,SHORT,1192.53725,1146.1737499999997,1192.53725,2015-06-10,1179.317,0.46361863927549046,Stop Loss
2015-06-18,1201.95,LONG,1193.3677500000001,1244.86125,1193.3677500000001,2015-06-22,1193.3677500000001,-0.7140272057905845,Stop Loss
2015-06-30,1171.83,SHORT,1178.8125,1136.9174999999998,1178.8125,2015-07-17,1136.9174999999998,2.9793144056731897,Profit Target
2015-07-30,1088.53,SHORT,1098.1585,1040.3875,1098.1585,2015-08-07,1093.1295,-0.42254232772638645,Stop Loss
2015-08-19,1134.19,LONG,1124.3380000000002,1183.4499999999998,1124.3380000000002,2015-08-25,1151.00675,1.482710127932706,Stop Loss
2015-09-01,1139.97,LONG,1128.8925,1195.3575,1128.8925,2015-09-03,1128.8925,-0.9717360983183855,Stop Loss
2015-09-09,1107.35,SHORT,1115.2984999999999,1067.6075,1115.2984999999999,2015-09-16,1112.587,-0.47293087099833664,Stop Loss
2015-09-24,1153.98,LONG,1144.42875,1201.73625,1144.42875,2015-09-28,1144.42875,-0.8276789892372469,Stop Loss
2015-10-09,1156.53,LONG,1146.183,1208.2649999999999,1146.183,2015-10-19,1174.5285,1.5562501621228955,Stop Loss
2015-10-28,1155.77,SHORT,1164.48425,1112.19875,1164.48425,2015-11-04,1112.19875,3.769889337844032,Profit Target
2015-11-23,1068.92,SHORT,1077.56075,1025.71625,1077.56075,2015-12-01,1065.954,0.2774763312502453,Stop Loss
2015-12-02,1053.49,SHORT,1061.92975,1011.29125,1061.92975,2015-12-03,1061.92975,-0.8011229342471218,Stop Loss
2015-12-17,1051.55,SHORT,1060.8845,1004.8775,1060.8845,2015-12-18,1060.8845,-0.8876896010650882,Stop Loss
2015-12-21,1078.28,LONG,1068.13175,1129.0212499999998,1068.13175,2015-12-30,1068.13175,-0.9411516489223544,Stop Loss
2016-01-06,1093.01,LONG,1085.82425,1128.9387500000003,1085.82425,2016-01-11,1100.84425,0.7167592245267757,Stop Loss
2016-01-15,1088.72,LONG,1077.284,1145.9,1077.284,2016-01-28,1117.059,2.602964949665657,Stop Loss
2016-02-01,1128.37,LONG,1120.7522499999998,1166.45875,1120.7522499999998,2016-02-05,1166.45875,3.3755550041209994,Profit Target
2016-02-18,1230.65,LONG,1213.1375,1318.2125,1213.1375,2016-02-22,1213.1375,-1.4230284808840894,Stop Loss
2016-02-24,1229.17,LONG,1213.21975,1308.92125,1213.21975,2016-03-11,1257.3985,2.296549704271983,Stop Loss
2016-03-16,1262.04,LONG,1246.2195,1341.1425,1246.2195,2016-03-21,1246.2195,-1.2535656556052137,Stop Loss
2016-03-23,1220.13,SHORT,1233.98775,1150.8412500000004,1233.98775,2016-03-29,1229.4687499999998,-0.7653897535508235,Stop Loss
2016-04-01,1222.16,SHORT,1234.9565,1158.1775000000002,1234.9565,2016-04-05,1227.61825,-0.4466068272566527,Stop Loss
2016-04-11,1257.51,LONG,1246.8315,1310.9024999999997,1246.8315,2016-04-13,1246.8315,-0.8491781377484063,Stop Loss
2016-04-19,1250.21,LONG,1240.26275,1299.9462499999997,1240.26275,2016-04-22,1240.26275,-0.7956463314163171,Stop Loss
2016-04-27,1245.98,LONG,1234.82525,1301.75375,1234.82525,2016-05-04,1280.8085,2.795269586991772,Stop Loss
2016-05-06,1288.8,LONG,1276.06725,1352.46375,1276.06725,2016-05-09,1276.06725,-0.9879539106145171,Stop Loss
2016-05-16,1273.62,LONG,1262.77125,1327.8637499999998,1262.77125,2016-05-18,1268.73825,-0.3832972158100363,Stop Loss
2016-05-23,1249.0,SHORT,1258.96075,1199.1962500000002,1258.96075,2016-06-03,1216.93625,2.567153722978385,Stop Loss
2016-06-24,1315.67,LONG,1295.7417500000001,1415.31125,1295.7417500000001,2016-07-12,1352.2272500000001,2.7786032971793886,Stop Loss
2016-07-20,1315.34,SHORT,1327.59125,1254.0837499999998,1327.59125,2016-07-21,1327.59125,-0.9314131707391267,Stop Loss
2016-08-02,1363.67,LONG,1353.74075,1413.3162500000003,1353.74075,2016-08-05,1353.74075,-0.7281270395330349,Stop Loss
2016-08-10,1346.0,LONG,1336.5995,1393.0024999999998,1336.5995,2016-08-12,1336.5995,-0.6984026745913794,Stop Loss
2016-08-16,1346.37,LONG,1336.15275,1397.45625,1336.15275,2016-08-19,1342.8902500000002,-0.258454213923345,Stop Loss
2016-08-22,1338.63,SHORT,1347.5647500000002,1293.95625,1347.5647500000002,2016-09-02,1316.8605,1.6262522130835337,Stop Loss
2016-09-06,1350.26,LONG,1340.01725,1401.4737499999999,1340.01725,2016-09-08,1340.01725,-0.7585761260794134,Stop Loss
2016-09-21,1335.92,LONG,1327.3595,1378.7225000000003,1327.3595,2016-09-27,1330.66875,-0.39308117252530295,Stop Loss
2016-10-14,1250.43,SHORT,1258.70325,1209.0637500000003,1258.70325,2016-10-18,1258.70325,-0.6616323984549285,Stop Loss
2016-10-24,1264.16,SHORT,1270.26275,1233.6462500000002,1270.26275,2016-10-25,1270.26275,-0.48275139222883295,Stop Loss
2016-10-28,1275.71,LONG,1268.324,1312.6399999999999,1268.324,2016-11-07,1295.17025,1.5254446543493319,Stop Loss
2016-11-23,1186.87,SHORT,1197.3984999999998,1134.2275,1197.3984999999998,2016-12-15,1134.2275,4.435405731040462,Profit Target
2016-12-20,1131.73,SHORT,1141.21225,1084.31875,1141.21225,2016-12-27,1136.4845,-0.420109036607672,Stop Loss
2016-12-29,1157.83,LONG,1150.9667499999998,1192.14625,1150.9667499999998,2017-01-12,1192.14625,2.963841842066632,Profit Target
2017-01-23,1217.8,LONG,1209.5282499999998,1259.15875,1209.5282499999998,2017-01-24,1209.5282499999998,-0.6792371489571449,Stop Loss
2017-01-31,1210.36,LONG,1201.4064999999998,1255.1274999999998,1201.4064999999998,2017-02-09,1232.7715,1.8516391817310685,Stop Loss
2017-02-16,1239.01,LONG,1230.601,1281.0549999999998,1230.601,2017-02-28,1249.9735,0.8848596863625044,Stop Loss
2017-03-07,1215.72,SHORT,1223.8342499999999,1175.1487500000003,1223.8342499999999,2017-03-15,1205.33475,0.854246866054687,Stop Loss
2017-03-20,1234.12,LONG,1227.0182499999999,1269.6287499999999,1227.0182499999999,2017-03-30,1246.9785,1.0419165073088557,Stop Loss
2017-04-04,1255.98,LONG,1249.608,1287.8400000000001,1249.608,2017-04-18,1287.8400000000001,2.536664596570019,Profit Target
2017-05-01,1256.87,SHORT,1263.8944999999999,1221.7475,1263.8944999999999,2017-05-09,1221.7475,2.7944417481521517,Profit Target
2017-05-26,1266.94,LONG,1258.5400000000002,1308.9399999999998,1258.5400000000002,2017-06-08,1286.57975,1.55017206813267,Stop Loss
2017-06-26,1244.3,SHORT,1250.858,1211.51,1250.858,2017-07-12,1219.8815,1.962428674756891,Stop Loss
2017-08-09,1277.39,LONG,1270.4135,1312.2725,1270.4135,2017-08-14,1282.91525,0.4325421367006093,Stop Loss
2017-08-17,1287.74,LONG,1279.72925,1327.7937499999998,1279.72925,2017-09-04,1327.7937499999998,3.1103910727320585,Profit Target
2017-09-18,1307.19,SHORT,1316.2725,1261.7775000000001,1316.2725,2017-09-25,1299.38825,0.5968336661082233,Stop Loss
2017-09-27,1282.16,SHORT,1291.32275,1236.34625,1291.32275,2017-10-06,1275.2882499999998,0.5359510513508646,Stop Loss
2017-10-12,1293.27,LONG,1286.8155,1325.5425,1286.8155,2017-10-16,1296.3632499999999,0.23918052688146316,Stop Loss
2017-11-03,1270.03,SHORT,1277.17825,1234.2887499999997,1277.17825,2017-11-06,1277.17825,-0.5628410352511328,Stop Loss
2017-11-08,1281.16,LONG,1273.8220000000001,1317.8500000000001,1273.8220000000001,2017-11-10,1277.3865,-0.29453776265259707,Stop Loss
2017-11-17,1294.11,LONG,1287.2324999999998,1328.4975,1287.2324999999998,2017-11-20,1287.2324999999998,-0.5314463221828172,Stop Loss
2017-11-27,1294.26,LONG,1287.0105,1330.5075,1287.0105,2017-11-29,1287.0105,-0.5601270223911655,Stop Loss
2017-12-05,1265.66,SHORT,1273.12625,1228.3287500000001,1273.12625,2017-12-13,1249.394,1.2851792740546493,Stop Loss
2018-01-10,1316.59,LONG,1308.1015,1359.0324999999998,1308.1015,2018-01-17,1331.767,1.152750666494515,Stop Loss
2018-01-23,1341.11,LONG,1334.1035,1376.1425,1334.1035,2018-01-25,1350.61625,0.7088344729366075,Stop Loss
2018-02-01,1348.39,LONG,1338.82525,1396.2137500000001,1338.82525,2018-02-02,1338.82525,-0.7093459607383622,Stop Loss
2018-02-06,1324.4,SHORT,1334.3075000000001,1274.8625000000002,1334.3075000000001,2018-02-13,1325.95625,-0.11750604047114643,Stop Loss
2018-02-27,1318.29,SHORT,1326.66825,1276.39875,1326.66825,2018-03-06,1325.7022499999998,-0.5622624763898579,Stop Loss
2018-03-08,1322.14,SHORT,1330.873,1278.4750000000001,1330.873,2018-03-21,1318.01925,0.31167274267475786,Stop Loss
2018-03-23,1347.51,LONG,1338.85575,1390.7812500000002,1338.85575,2018-03-28,1344.4985000000001,-0.22348628210550137,Stop Loss
2018-04-05,1326.37,SHORT,1335.5949999999998,1280.2450000000001,1335.5949999999998,2018-04-09,1335.5949999999998,-0.695507286805334,Stop Loss
2018-04-18,1349.21,LONG,1340.3600000000001,1393.46,1340.3600000000001,2018-04-20,1340.3600000000001,-0.6559394015757302,Stop Loss
2018-04-25,1322.88,SHORT,1330.2315,1286.1225,1330.2315,2018-05-03,1311.512,0.8593372036768387,Stop Loss
2018-05-15,1290.77,SHORT,1298.12375,1254.00125,1298.12375,2018-05-24,1297.932,-0.5548626013929697,Stop Loss
2018-06-01,1293.27,SHORT,1299.5249999999999,1261.9950000000001,1299.5249999999999,2018-06-08,1297.849,-0.3540637299249152,Stop Loss
2018-06-12,1295.52,SHORT,1301.1779999999999,1267.23,1301.1779999999999,2018-06-14,1301.1779999999999,-0.43673582808446815,Stop Loss
2018-06-15,1280.19,SHORT,1287.34425,1244.41875,1287.34425,2018-07-02,1244.41875,2.794214140088581,Profit Target
2018-07-17,1227.28,SHORT,1234.1154999999999,1193.1025,1234.1154999999999,2018-07-20,1230.3037499999998,-0.24637816961083342,Stop Loss
2018-07-27,1222.81,SHORT,1230.33475,1185.18625,1230.33475,2018-08-15,1185.18625,3.0768271440370927,Profit Target
2018-08-23,1185.27,SHORT,1193.51325,1144.0537499999998,1193.51325,2018-08-24,1193.51325,-0.6954744488597526,Stop Loss
2018-09-04,1191.03,SHORT,1199.09475,1150.70625,1199.09475,2018-09-06,1199.09475,-0.6771240019143098,Stop Loss
2018-09-10,1195.57,SHORT,1202.0987499999999,1162.92625,1202.0987499999999,2018-09-12,1202.0987499999999,-0.5460784395727516,Stop Loss
2018-09-14,1193.43,SHORT,1200.7875000000001,1156.6425000000002,1200.7875000000001,2018-09-17,1200.7875000000001,-0.6165003393579911,Stop Loss
2018-09-19,1203.68,LONG,1196.3667500000001,1240.24625,1196.3667500000001,2018-09-21,1199.74775,-0.3266856639638498,Stop Loss
2018-09-26,1194.22,SHORT,1200.55375,1162.55125,1200.55375,2018-09-28,1189.2025,0.4201487163169204,Stop Loss
2018-10-08,1187.96,SHORT,1196.18075,1146.85625,1196.18075,2018-10-11,1196.18075,-0.6920056230849484,Stop Loss
2018-10-15,1226.81,LONG,1217.1995,1274.8624999999997,1217.1995,2018-10-30,1226.08875,-0.058790684784119356,Stop Loss
2018-11-01,1233.04,LONG,1224.52225,1275.6287499999999,1224.52225,2018-11-08,1225.0865000000001,-0.6450317913449564,Stop Loss
2018-11-27,1214.47,SHORT,1220.20825,1185.7787500000002,1220.20825,2018-11-28,1220.20825,-0.47249005739128014,Stop Loss
2018-11-29,1224.03,LONG,1217.96475,1254.3562499999998,1217.96475,2018-12-14,1241.144,1.398168345547089,Stop Loss
2018-12-17,1245.8,LONG,1239.70175,1276.29125,1239.70175,2018-12-19,1243.5994999999998,-0.17663348852144384,Stop Loss
2018-12-24,1268.3,LONG,1260.638,1306.61,1260.638,2019-01-04,1287.484,1.5125758889852534,Stop Loss
2019-01-24,1280.75,SHORT,1285.5785,1256.6075,1285.5785,2019-01-25,1285.5785,-0.3770056607456628,Stop Loss
2019-02-15,1321.26,LONG,1315.0215,1352.4524999999999,1315.0215,2019-02-21,1334.065,0.9691506592192349,Stop Loss
2019-03-19,1306.41,LONG,1299.4425,1341.2475,1299.4425,2019-03-27,1314.1747500000001,0.5943578202861314,Stop Loss
2019-04-11,1292.26,SHORT,1298.85775,1259.27125,1298.85775,2019-04-26,1278.1284999999998,1.0935492857474647,Stop Loss
2019-05-01,1276.48,SHORT,1282.4665,1246.5475,1282.4665,2019-05-03,1276.897,-0.03266796189520528,Stop Loss
2019-05-13,1299.79,LONG,1293.097,1333.2549999999999,1293.097,2019-05-16,1293.097,-0.5149293347386873,Stop Loss
2019-05-27,1284.95,LONG,1279.68425,1311.27875,1279.68425,2019-05-28,1279.68425,-0.40980193781859414,Stop Loss
2019-05-30,1288.41,LONG,1283.3767500000001,1313.57625,1283.3767500000001,2019-06-03,1313.57625,1.9532796237222614,Profit Target
2019-06-12,1333.23,LONG,1324.242,1378.17,1324.242,2019-06-20,1378.17,3.3707612339956388,Profit Target
2019-06-28,1409.91,LONG,1395.5115,1481.9025,1395.5115,2019-07-01,1395.5115,-1.0212353980041289,Stop Loss
2019-07-03,1418.41,LONG,1403.641,1492.255,1403.641,2019-07-05,1403.641,-1.0412363139007765,Stop Loss
2019-07-10,1417.87,LONG,1402.8729999999998,1492.8549999999998,1402.8729999999998,2019-07-19,1432.651,1.0424792117754222,Stop Loss
2019-07-30,1430.61,LONG,1420.9792499999999,1478.7637499999998,1420.9792499999999,2019-07-31,1420.9792499999999,-0.6731918552225998,Stop Loss
2019-08-23,1526.25,LONG,1513.53,1589.85,1513.53,2019-08-29,1529.9182500000002,0.24034398034399157,Stop Loss
2019-09-03,1548.7,LONG,1534.3990000000001,1620.205,1534.3990000000001,2019-09-05,1539.31375,-0.6060728352812047,Stop Loss
2019-09-13,1488.55,SHORT,1503.586,1413.37,1503.586,2019-09-20,1503.586,-1.0101105102280783,Stop Loss
2019-10-07,1493.27,SHORT,1507.676,1421.24,1507.676,2019-10-24,1493.558,-0.019286532241323467,Stop Loss
2019-10-29,1487.9,SHORT,1495.6205000000002,1449.2975,1495.6205000000002,2019-10-31,1495.6205000000002,-0.5188856778009361,Stop Loss
2019-11-05,1483.78,SHORT,1494.016,1432.6,1494.016,2019-11-14,1467.0867500000002,1.1250488616910734,Stop Loss
2019-11-21,1464.32,SHORT,1472.0525,1425.6574999999998,1472.0525,2019-11-29,1461.19075,0.21369987434440263,Stop Loss
2019-12-03,1477.32,LONG,1470.297,1512.435,1470.297,2019-12-06,1470.297,-0.4753878645114065,Stop Loss
2019-12-11,1474.72,LONG,1466.69875,1514.82625,1466.69875,2019-12-30,1514.82625,2.7195840566344827,Profit Target
2020-01-17,1556.83,LONG,1544.8165,1616.8974999999998,1544.8165,2020-01-28,1573.40875,1.0649043248138927,Stop Loss
2020-02-07,1570.0,LONG,1558.90525,1625.47375,1558.90525,2020-02-21,1625.47375,3.533359872611472,Profit Target
2020-04-03,1615.7,LONG,1595.00225,1719.18875,1595.00225,2020-04-14,1719.18875,6.405195890326174,Profit Target
2020-04-22,1714.87,LONG,1693.0494999999999,1823.9724999999999,1693.0494999999999,2020-04-28,1709.8155,-0.294745374284929,Stop Loss
2020-05-06,1685.19,SHORT,1701.258,1604.8500000000001,1701.258,2020-05-07,1701.258,-0.9534829900485988,Stop Loss
2020-05-13,1715.3,LONG,1700.654,1788.53,1700.654,2020-05-21,1733.89525,1.0840815017781191,Stop Loss
2020-05-26,1710.31,SHORT,1724.05,1641.61,1724.05,2020-05-29,1723.2514999999999,-0.7566756903719153,Stop Loss
2020-06-03,1698.26,SHORT,1712.95625,1624.77875,1712.95625,2020-06-09,1701.22225,-0.17442853273350606,Stop Loss
2020-07-06,1784.25,LONG,1773.3465,1838.7675,1773.3465,2020-07-16,1798.4492500000001,0.7958105646630305,Stop Loss
2020-07-20,1817.21,LONG,1807.046,1868.03,1807.046,2020-07-22,1868.03,2.7965947799098583,Profit Target
2020-08-19,1927.66,SHORT,1966.17175,1735.1012500000002,1966.17175,2020-08-28,1953.1425,-1.3219395536557197,Stop Loss
2020-09-01,1970.63,LONG,1946.0667500000002,2093.44625,1946.0667500000002,2020-09-02,1946.0667500000002,-1.2464668659261213,Stop Loss
2020-09-21,1911.92,SHORT,1929.4085,1824.4775,1929.4085,2020-09-28,1880.192,1.6594836604042045,Stop Loss
2020-10-06,1877.56,SHORT,1894.97875,1790.46625,1894.97875,2020-10-09,1894.97875,-0.9277333347536187,Stop Loss
2020-10-21,1924.6,LONG,1910.71525,1994.02375,1910.71525,2020-10-22,1910.71525,-0.7214356229865915,Stop Loss
2020-10-28,1876.81,SHORT,1890.9805,1805.9574999999998,1890.9805,2020-11-02,1881.5437499999998,-0.2522231872166001,Stop Loss
2020-11-09,1863.13,SHORT,1887.2635,1742.4625000000003,1887.2635,2020-11-13,1887.2635,-1.295320240670265,Stop Loss
2020-11-18,1871.97,SHORT,1893.7095,1763.2725,1893.7095,2020-12-01,1794.005,4.164863753158433,Stop Loss
2020-12-15,1853.67,LONG,1836.81375,1937.95125,1836.81375,2020-12-22,1869.97575,0.8796468627101905,Stop Loss
2021-01-08,1849.04,SHORT,1869.41525,1747.16375,1869.41525,2021-01-20,1851.578,-0.13726041621598292,Stop Loss
2021-01-27,1843.83,SHORT,1858.5172499999999,1770.39375,1858.5172499999999,2021-02-01,1856.71825,-0.6989933996084222,Stop Loss
2021-02-02,1837.65,SHORT,1853.74125,1757.19375,1853.74125,2021-02-05,1810.02875,1.5030745789459443,Stop Loss
2021-02-11,1825.47,SHORT,1842.11025,1742.2687500000002,1842.11025,2021-02-22,1789.1215,1.9911858315940583,Stop Loss
2021-02-25,1770.25,SHORT,1788.10375,1680.9812499999998,1788.10375,2021-03-09,1705.0517499999999,3.6829967518712126,Stop Loss
2021-03-23,1726.71,SHORT,1739.9295,1660.6125000000002,1739.9295,2021-03-31,1697.999,1.6627574983639413,Stop Loss
2021-04-08,1756.14,LONG,1741.4917500000001,1829.3812500000001,1741.4917500000001,2021-04-12,1741.4917500000001,-0.8341163005227352,Stop Loss
2021-04-21,1793.92,LONG,1780.3210000000001,1861.915,1780.3210000000001,2021-04-23,1780.3210000000001,-0.7580605601141597,Stop Loss
2021-05-03,1793.04,LONG,1780.4489999999998,1855.9950000000001,1780.4489999999998,2021-05-04,1780.4489999999998,-0.7022152322313011,Stop Loss
2021-05-06,1815.22,LONG,1801.06075,1886.0162500000001,1801.06075,2021-05-12,1822.3129999999999,0.39075153424928366,Stop Loss
2021-05-14,1842.56,LONG,1827.536,1917.6799999999998,1827.536,2021-06-03,1897.55925,2.984936718478642,Stop Loss
2021-06-14,1866.31,SHORT,1883.3065,1781.3274999999996,1883.3065,2021-06-17,1781.3274999999996,4.553503973080587,Profit Target
2021-06-28,1779.03,SHORT,1794.2782499999998,1702.7887500000002,1794.2782499999998,2021-07-01,1774.09475,0.27741241013361195,Stop Loss
2021-07-29,1827.79,LONG,1816.9434999999999,1882.0225,1816.9434999999999,2021-07-30,1816.9434999999999,-0.593421563746388,Stop Loss
2021-08-05,1803.73,SHORT,1814.209,1751.335,1814.209,2021-08-09,1751.335,2.9048139133905844,Profit Target
2021-08-27,1817.85,LONG,1806.0839999999998,1876.6799999999998,1806.0839999999998,2021-09-07,1815.9589999999998,-0.10402398437715304,Stop Loss
2021-09-16,1752.72,SHORT,1767.6015,1678.3125,1767.6015,2021-09-21,1767.6015,-0.8490517595508671,Stop Loss
2021-09-23,1742.48,SHORT,1759.3205,1658.2775000000001,1759.3205,2021-09-30,1740.92675,0.08914019099214536,Stop Loss
2021-10-11,1754.11,SHORT,1767.1007499999998,1689.15625,1767.1007499999998,2021-10-13,1767.1007499999998,-0.7405892446881858,Stop Loss
2021-10-20,1781.74,LONG,1769.08675,1845.00625,1769.08675,2021-10-26,1794.6865,0.7266211680716611,Stop Loss
2021-10-28,1798.9,LONG,1786.5025,1860.8875000000003,1786.5025,2021-10-29,1786.5025,-0.6891711601534292,Stop Loss
2021-11-03,1772.08,SHORT,1784.27875,1711.0862499999998,1784.27875,2021-11-04,1784.27875,-0.6883859645162758,Stop Loss
2021-12-02,1768.81,SHORT,1783.8084999999999,1693.8174999999999,1783.8084999999999,2021-12-03,1783.8084999999999,-0.8479429673056984,Stop Loss
2021-12-14,1770.49,SHORT,1780.0435,1722.7225,1780.0435,2021-12-16,1780.0435,-0.5395963829222411,Stop Loss
2021-12-22,1803.62,LONG,1792.1082499999998,1861.17875,1792.1082499999998,2022-01-03,1819.1475,0.8609075082334497,Stop Loss
2022-01-06,1789.47,SHORT,1802.166,1725.9900000000002,1802.166,2022-01-11,1802.166,-0.7094838136431408,Stop Loss
2022-01-19,1840.26,LONG,1829.8515,1892.3025,1829.8515,2022-01-26,1837.8222500000002,-0.13246769478224946,Stop Loss
2022-02-17,1897.87,LONG,1882.64275,1974.00625,1882.64275,2022-02-25,1893.3429999999998,-0.23853056321033814,Stop Loss
2022-03-01,1943.74,LONG,1921.09525,2056.96375,1921.09525,2022-03-09,2026.15625,4.240086122629569,Stop Loss
2022-03-28,1921.88,SHORT,1939.03175,1836.1212500000001,1939.03175,2022-04-08,1937.07075,-0.7904109517763845,Stop Loss
2022-04-27,1885.31,SHORT,1901.64875,1803.6162499999998,1901.64875,2022-05-04,1880.1005,0.2763206050994232,Stop Loss
2022-05-09,1853.96,SHORT,1872.782,1759.8500000000001,1872.782,2022-05-19,1829.5194999999999,1.318286262918302,Stop Loss
2022-05-30,1854.75,LONG,1842.2235,1917.3825,1842.2235,2022-05-31,1842.2235,-0.675374039627979,Stop Loss
2022-06-02,1868.08,LONG,1856.1242499999998,1927.8587499999999,1856.1242499999998,2022-06-03,1856.1242499999998,-0.6400020341741296,Stop Loss
2022-06-06,1841.99,SHORT,1853.7485,1783.1975000000002,1853.7485,2022-06-08,1852.48,-0.569492776833751,Signal Oppos
2022-06-10,1870.86,LONG,1856.50425,1942.6387499999998,1856.50425,2022-06-13,1856.50425,-0.7673342740771594,Stop Loss
2022-06-21,1833.0,SHORT,1852.7175,1734.4125000000001,1852.7175,2022-07-11,1734.4125000000001,5.378477905073642,Profit Target
2022-07-20,1696.21,SHORT,1709.767,1628.425,1709.767,2022-07-21,1709.767,-0.7992524510526419,Stop Loss
2022-08-09,1793.72,LONG,1780.50125,1859.8137499999998,1780.50125,2022-08-15,1788.2372500000001,-0.3056636487300078,Stop Loss
2022-08-26,1738.58,SHORT,1749.9125,1681.9174999999998,1749.9125,2022-09-02,1708.40175,1.7357987553060505,Stop Loss
2022-09-13,1702.51,SHORT,1716.68725,1631.6237500000002,1716.68725,2022-09-26,1631.6237500000002,4.163631931677335,Profit Target
2022-10-13,1666.11,SHORT,1682.5012499999998,1584.15375,1682.5012499999998,2022-10-21,1642.9315,1.3911746523338788,Stop Loss
2022-10-28,1644.88,SHORT,1660.6802500000001,1565.8787500000003,1660.6802500000001,2022-11-04,1643.8319999999999,0.06371285443316407,Stop Loss
2022-11-23,1749.56,LONG,1737.62525,1809.2337499999999,1737.62525,2022-11-28,1745.4019999999998,-0.23765975445255547,Stop Loss
2022-11-30,1768.27,LONG,1756.615,1826.545,1756.615,2022-12-05,1790.232,1.242004897442132,Stop Loss
2022-12-08,1789.19,LONG,1774.31675,1863.55625,1774.31675,2022-12-12,1781.84625,-0.4104510979828861,Stop Loss
2022-12-13,1810.45,LONG,1795.5055,1885.1725000000001,1795.5055,2022-12-15,1795.5055,-0.825457759120664,Stop Loss
2022-12-20,1817.88,LONG,1802.46225,1894.96875,1802.46225,2022-12-22,1802.46225,-0.8481170374282169,Stop Loss
2022-12-27,1813.86,LONG,1798.76775,1889.32125,1798.76775,2023-01-05,1840.28325,1.4567414243657202,Stop Loss
2023-01-06,1865.97,LONG,1850.27325,1944.4537500000001,1850.27325,2023-01-18,1904.6640000000002,2.0736667792086787,Stop Loss
2023-01-19,1931.53,LONG,1917.328,2002.54,1917.328,2023-01-26,1931.7255,0.010121509891124559,Stop Loss
2023-02-01,1950.39,LONG,1935.039,2027.1450000000002,1935.039,2023-02-02,1935.039,-0.787073354559863,Stop Loss
2023-02-03,1865.71,SHORT,1885.27,1767.91,1885.27,2023-02-28,1822.27,2.328336129409182,Stop Loss
2023-03-03,1855.03,LONG,1843.8775,1910.7924999999998,1843.8775,2023-03-07,1843.8775,-0.6012032150423399,Stop Loss
2023-03-10,1868.04,LONG,1854.23625,1937.05875,1854.23625,2023-03-17,1937.05875,3.6947147812680643,Profit Target
2023-03-23,1993.51,LONG,1967.77825,2122.16875,1967.77825,2023-03-27,1967.77825,-1.290776068341765,Stop Loss
2023-03-30,1980.48,LONG,1960.497,2080.395,1960.497,2023-04-10,2002.62875,1.1183526215866892,Stop Loss
2023-04-12,2014.67,LONG,1997.9225000000001,2098.4075000000003,1997.9225000000001,2023-04-14,2022.79575,0.4033290811894715,Stop Loss
2023-04-20,2004.3,LONG,1985.493,2098.335,1985.493,2023-04-21,1985.493,-0.9383325849423748,Stop Loss
2023-04-27,1987.5,SHORT,2003.6355,1906.8225,2003.6355,2023-05-02,1996.92125,-0.47402515723270944,Stop Loss
2023-05-16,1989.25,SHORT,2005.13875,1909.80625,2005.13875,2023-05-19,1971.99625,0.867349503581756,Stop Loss
2023-05-25,1940.21,SHORT,1955.7125,1862.6975,1955.7125,2023-05-30,1955.7125,-0.7990114472144795,Stop Loss
2023-06-02,1947.98,SHORT,1963.145,1872.155,1963.145,2023-06-08,1955.17325,-0.3692671382663084,Stop Loss
2023-06-13,1943.18,SHORT,1958.1237500000002,1868.4612499999998,1958.1237500000002,2023-06-15,1954.1962500000002,-0.5669186591051846,Stop Loss
2023-06-20,1935.65,SHORT,1948.6670000000001,1870.565,1948.6670000000001,2023-06-30,1918.5522500000002,0.8833079327357685,Stop Loss
2023-07-06,1910.81,SHORT,1922.30225,1853.3487499999999,1922.30225,2023-07-07,1922.30225,-0.6014334235219626,Stop Loss
2023-07-11,1932.01,LONG,1920.45775,1989.77125,1920.45775,2023-07-21,1967.222,1.8225578542554122,Stop Loss
2023-07-26,1972.14,LONG,1961.7037500000001,2024.32125,1961.7037500000001,2023-07-27,1961.7037500000001,-0.5291840335878778,Stop Loss
2023-08-01,1944.18,SHORT,1956.70725,1881.5437500000003,1956.70725,2023-08-23,1898.2162500000002,2.364171527327711,Stop Loss
2023-08-28,1919.93,LONG,1910.63375,1966.41125,1910.63375,2023-09-05,1932.7565,0.6680712317636527,Stop Loss
2023-09-12,1913.35,SHORT,1921.3405,1873.3974999999998,1921.3405,2023-09-15,1915.66725,-0.12110957221627294,Stop Loss
2023-09-26,1900.36,SHORT,1909.0825,1856.7474999999997,1909.0825,2023-09-29,1856.7474999999997,2.2949599023343046,Profit Target
2023-10-25,1979.09,LONG,1963.5027499999999,2057.02625,1963.5027499999999,2023-10-31,1988.622,0.4816354991435535,Stop Loss
2023-11-03,1992.31,LONG,1978.91425,2059.28875,1978.91425,2023-11-06,1978.91425,-0.6723727733133854,Stop Loss
2023-11-21,1998.48,LONG,1983.44025,2073.67875,1983.44025,2023-12-04,2058.9004999999997,3.0233227252711923,Stop Loss
2023-12-08,2003.4,SHORT,2026.4827500000001,1887.98625,2026.4827500000001,2023-12-13,2004.1637500000002,-0.03812269142458184,Stop Loss
2023-12-19,2040.34,LONG,2022.28,2130.64,2022.28,2023-12-29,2064.64725,1.1913333071939025,Stop Loss
2024-01-16,2027.65,SHORT,2043.3647500000002,1949.0762499999998,2043.3647500000002,2024-01-18,2020.94275,0.33078933741031036,Stop Loss
2024-01-24,2012.62,SHORT,2025.4434999999999,1948.5024999999996,2025.4434999999999,2024-01-29,2025.4434999999999,-0.6371545547594661,Stop Loss
2024-02-12,2019.82,SHORT,2032.8474999999999,1954.6825,2032.8474999999999,2024-02-16,2004.636,0.7517501559544895,Stop Loss
2024-02-29,2043.48,LONG,2033.93025,2091.22875,2033.93025,2024-03-04,2091.22875,2.336638968817909,Profit Target
2024-03-20,2185.75,LONG,2171.7625,2255.6875,2171.7625,2024-03-22,2171.7625,-0.6399405238476579,Stop Loss
2024-03-26,2176.52,LONG,2159.612,2261.06,2159.612,2024-04-02,2261.06,3.8841820888390624,Profit Target
2024-04-11,2377.09,LONG,2352.409,2500.4950000000003,2352.409,2024-04-12,2352.409,-1.0382863080489186,Stop Loss
2024-04-19,2390.33,LONG,2360.53775,2539.2912499999998,2360.53775,2024-04-22,2360.53775,-1.246365564587315,Stop Loss
2024-04-30,2285.74,SHORT,2309.9815,2164.5325000000003,2309.9815,2024-05-01,2309.9815,-1.060553693770949,Stop Loss
2024-05-09,2345.05,LONG,2322.46525,2457.97375,2322.46525,2024-05-13,2339.04525,-0.25606063836592213,Stop Loss
2024-05-15,2386.94,LONG,2368.382,2479.7299999999996,2368.382,2024-05-22,2403.061,0.6753835454598814,Stop Loss
2024-06-07,2294.0,SHORT,2318.75975,2170.20125,2318.75975,2024-06-12,2318.75975,-1.0793265039232856,Stop Loss
2024-06-13,2303.82,SHORT,2326.67025,2189.5687500000004,2326.67025,2024-06-14,2326.67025,-0.9918418105581146,Stop Loss
2024-06-25,2318.79,SHORT,2335.53375,2235.07125,2335.53375,2024-06-27,2314.2129999999997,0.19738743051333782,Stop Loss
2024-07-03,2356.12,LONG,2341.14475,2430.99625,2341.14475,2024-07-08,2374.94575,0.7990149058621789,Stop Loss
2024-07-11,2413.92,LONG,2395.2157500000003,2507.44125,2395.2157500000003,2024-07-18,2446.56775,1.352478541128127,Stop Loss
2024-07-25,2363.35,SHORT,2386.07725,2249.71375,2386.07725,2024-07-26,2386.07725,-0.9616540080817446,Stop Loss
2024-08-08,2425.64,LONG,2396.6727499999997,2570.4762499999997,2396.6727499999997,2024-08-22,2494.5049999999997,2.839044540822207,Stop Loss
2024-08-26,2517.64,LONG,2496.9114999999997,2621.2825,2496.9114999999997,2024-08-28,2504.688,-0.5144500405141232,Stop Loss
2024-09-05,2516.42,LONG,2499.6515,2600.2625000000003,2499.6515,2024-09-06,2499.6515,-0.666363325676959,Stop Loss
2024-09-20,2621.92,LONG,2600.52925,2728.8737500000007,2600.52925,2024-09-30,2651.62875,1.1330913986696687,Stop Loss
2024-10-11,2656.93,LONG,2639.10625,2746.04875,2639.10625,2024-10-22,2746.04875,3.354200148291453,Profit Target
2024-10-29,2773.63,LONG,2754.98875,2866.8362500000003,2754.98875,2024-10-31,2769.863,-0.13581479865736526,Stop Loss
2024-11-11,2620.15,SHORT,2650.0750000000003,2470.525,2650.0750000000003,2024-11-18,2592.8914999999997,1.0403412018396034,Stop Loss
2024-12-04,2649.59,LONG,2626.28375,2766.12125,2626.28375,2024-12-05,2631.86,-0.6691601342094444,Signal Oppos
2024-12-09,2658.62,LONG,2639.852,2752.4600000000005,2639.852,2024-12-12,2697.3087499999997,1.4552192490841038,Stop Loss
2024-12-30,2606.04,SHORT,2626.0245,2506.1174999999994,2626.0245,2025-01-02,2626.0245,-0.7668531565133315,Stop Loss
2025-01-08,2661.79,LONG,2643.67675,2752.35625,2643.67675,2025-01-13,2671.3275,0.3583115121778919,Stop Loss
2025-01-15,2695.37,LONG,2678.11625,2781.63875,2678.11625,2025-01-27,2753.9052500000003,2.1716962791750434,Stop Loss
2025-01-30,2793.26,LONG,2774.177,2888.675,2774.177,2025-02-10,2888.675,3.4159011334426426,Profit Target
2025-02-24,2951.37,LONG,2929.5209999999997,3060.6150000000002,2929.5209999999997,2025-02-25,2929.5209999999997,-0.7403002673334811,Stop Loss
2025-02-27,2877.17,SHORT,2901.869,2753.675,2901.869,2025-03-03,2883.686,-0.2264725407257853,Stop Loss
2025-03-04,2917.32,LONG,2890.293,3052.4550000000004,2890.293,2025-03-10,2891.21325,-0.8948881164904903,Stop Loss
2025-03-12,2932.56,LONG,2909.97075,3045.50625,2909.97075,2025-03-19,3045.50625,3.851455724691054,Profit Target
2025-03-27,3056.3,LONG,3036.1055,3157.2725,3036.1055,2025-04-04,3109.0815000000002,1.726973791839808,Stop Loss
2025-04-16,3340.77,LONG,3292.53825,3581.92875,3292.53825,2025-04-23,3374.22875,1.0015280908293667,Stop Loss
2025-05-05,3331.26,LONG,3285.498,3560.07,3285.498,2025-05-07,3382.17375,1.528363141874237,Stop Loss
2025-05-14,3181.37,SHORT,3236.4515,2905.9624999999996,3236.4515,2025-05-15,3236.4515,-1.7313767339228143,Stop Loss
2025-06-02,3381.67,LONG,3343.44025,3572.8187500000004,3343.44025,2025-06-06,3343.44025,-1.1304991320856252,Stop Loss
2025-06-11,3352.95,LONG,3318.4154999999996,3525.6225,3318.4154999999996,2025-06-16,3399.891,1.3999910526551325,Stop Loss
2025-06-24,3322.91,SHORT,3353.279,3171.0649999999996,3353.279,2025-06-30,3302.3307499999996,0.6193140951756211,Stop Loss
2025-07-11,3357.23,LONG,3333.7235,3474.7625000000003,3333.7235,2025-07-15,3333.7235,-0.7001754422544765,Stop Loss
2025-07-16,3347.45,LONG,3321.7039999999997,3476.18,3321.7039999999997,2025-07-21,3399.3,1.5489402380916928,Fin de priode
